bit,mean_abs,mean_signed
811,13.984485795647842,0.747288208453986
1076,12.784230388679601,-0.5002582863632032
1839,9.525743852566187,0.5271191894875933
350,8.427761476262354,-0.21846922368016367
1571,8.319981798327436,-0.20406701920988343
1691,4.480499884071746,0.19639975293697237
1160,3.0577262102505838,-0.32456744535998344
59,2.731621545128274,0.36080944914592183
863,2.720286595240052,0.3517363332677188
1411,2.59326212544356,0.3293406862193657
695,2.167614672696411,0.0840857906862561
1370,1.9978262310885673,0.19117635854839998
1617,1.9875073128882708,0.07229076412223327
1025,1.7204939396377128,0.21405697286456005
1430,1.696821187640029,0.04208642643666236
9,1.5664001969897607,0.14765274197348222
1453,1.2024343933199508,-0.1330208623763181
1921,1.1728344078307584,0.2629632305080602
378,1.1581629777617295,0.03584652639388566
1074,1.1580304746843229,-0.011989295746756648
1391,1.1534498374874416,0.16360025228732314
1535,1.1319662209213124,0.03175289075286632
885,0.9907816280724807,0.06777273918449156
1039,0.9799074278113377,0.037076681412591427
552,0.9477250803095406,-0.09980678660485488
1322,0.919453197020862,0.05586162690678634
252,0.8016908959002971,-0.38907235947648666
1199,0.7676760329807992,-0.15392710129674
213,0.7657776023523619,0.06442585614553316
322,0.7631320013874788,0.053577184584681324
944,0.7625851061628488,-0.06326984421967637
216,0.7502962790213946,-0.26214092198988953
1066,0.647921703283164,-0.10265133768325663
277,0.6139559361193427,-0.18351224180662662
1296,0.5846795583672915,0.04741750164818368
80,0.5789689773651564,-0.00502392113845314
561,0.5363999296723417,-0.003735683464578205
385,0.510893993607666,-0.13831950919187522
640,0.5099642876932156,0.21444788262815617
835,0.49311844676593153,-0.08273509095068311
1476,0.4871378425155173,-0.07365395907677835
357,0.47918837382643265,-0.11037012684622341
701,0.47369842362178816,0.1599962927170677
715,0.45124507908109224,-0.03700792967589663
1683,0.4399979619830345,-0.043056802928948
1003,0.4202390570161096,0.07220208941049114
319,0.39647996144809045,-0.03650046166069982
366,0.3683885828213672,-0.013527267387913775
1088,0.3648891747661328,0.06040368628412691
1722,0.36224636402500016,0.037509798177692004
1011,0.35834867689056404,0.07943695103024567
1252,0.3565168900837086,0.065463939446045
938,0.3425292113782402,0.06180626408158127
1998,0.33065191946141925,0.02645815503407941
575,0.31616647354107086,0.07731854170600529
157,0.3146841951039099,0.3146841951039099
2017,0.3126565231276548,0.0058534179372941916
718,0.3044230870022025,0.03924011346875579
117,0.3042009303328145,-0.03257987087168618
243,0.3039513847208427,-0.043986741086117255
27,0.30079755553033766,0.004883062009520827
828,0.2995823795885561,0.005064221072500529
116,0.29922404782114254,-0.028852520769412998
504,0.2936340006218271,-0.0413398123512962
1697,0.2930286310320378,-0.007231167927799244
1298,0.29215246850346005,-0.07686682927665615
1602,0.2915385233599601,-0.036100125176230416
8,0.28946826436323186,0.02980965618981148
879,0.28563460893745407,-0.03227486582330167
623,0.2833811059857257,-0.04081821647651016
1993,0.2822955447028903,-0.033884771799109155
992,0.28056719359784277,0.06281828906814389
1846,0.27704162550825967,-0.03312455653078126
1754,0.27684937992153513,0.0004851427236771726
446,0.2724453373992344,-0.033388183456098994
114,0.27197105302286084,-0.03894836094771356
903,0.26715231731788236,0.038462088184875266
1417,0.2661236247262058,-0.00502216316479099
1672,0.2661064786590832,0.04948831569582412
1747,0.2659622067663827,-0.030215715410292082
1050,0.2640915216296807,0.062047260033432014
1057,0.26114694151956974,-0.05749845817596311
1452,0.2596119496951712,0.045057324755430055
556,0.2592408356452914,-0.06362419157519321
806,0.25812653797685775,-0.04797824058936827
389,0.2563481981051854,0.03988811141051554
1515,0.25569519836365134,-0.029639890080573245
719,0.25551635695141517,-0.025939980877731465
28,0.24859380978283693,0.0049539637031582665
1915,0.24279263439582213,-0.025418441335455774
402,0.24172623275636043,0.07549293377353256
1357,0.2417260612078537,-0.03952542185947645
1830,0.24115699758528675,0.13295452812276148
1283,0.24075248934611143,0.05021178442925842
1966,0.23586776530091633,-0.0013529770336718095
1855,0.23183525162985003,-0.01094788304701547
1970,0.22918523632030918,0.003011781986969728
1686,0.22371896020168347,-0.030094143690831056
594,0.21953183337310955,-0.05409181602678484
1031,0.21081416041550993,0.017185871562890205
1802,0.21034359169894273,0.028762556216778704
562,0.20840467616198588,-0.035449283445316886
144,0.2076206927514561,-0.019026160471324594
807,0.20416675511218924,0.025126682311429824
1362,0.20254420932599548,-0.0016542469278724152
1980,0.19983742172936472,0.01622126527227022
310,0.19562873938964365,-0.01912234734135789
1126,0.19530874702979178,0.010355311322465725
1113,0.18875220462218437,-0.019728313476896218
794,0.18693869026038915,-0.030550923984895454
506,0.18139877911373184,0.06549313667749962
1928,0.176522038889762,0.011003036608838916
680,0.1762110167410831,0.008417927133557023
1687,0.1685564459049799,0.009940414873948235
679,0.16742973032147784,0.0531066257997702
1415,0.16646172642592916,0.02475579961185936
2003,0.16474360344166183,-0.02685337658323455
226,0.1640421820468558,-0.01769470018965524
1917,0.16082000804807148,0.028305092396138886
503,0.15974793546889599,-0.06512717368435152
1665,0.15475155756248715,0.011503040555195401
1534,0.1517420274585343,-0.02475723917241115
1750,0.14862128665647797,-0.0367716823590723
1775,0.14833706094126067,-0.03026296672797194
50,0.14819264180580435,0.009072611028641134
1985,0.14812724685645123,-0.07818106242020467
1330,0.14523968771485934,-0.04186510165791835
1212,0.1450618533473983,-0.015055360108536479
484,0.14432785723119398,-0.04618593466828758
419,0.14283806233673,0.003052148630362342
1317,0.14254966468886948,0.004772524245155245
342,0.14083925609170114,-0.0448878520769955
517,0.14071662870068483,0.021745125534545964
2010,0.13792321180700726,0.022359788397765982
392,0.13770022012338898,-0.008686363496045811
1460,0.13697118367495714,-0.045137943733721875
1582,0.13542043979478802,-0.041254735097189826
1843,0.13027160394816512,-0.006780178234649401
280,0.12835298175189466,-0.017271654921983598
1949,0.12267511849419332,0.022106733536429852
1255,0.1177972655038904,0.0016686708708985479
809,0.11640800584286551,0.027326249475448434
1260,0.11597595719900891,0.004779001379748859
1959,0.11467399343721729,0.051926407087188146
1986,0.11076060971225804,-0.03453448706552602
352,0.1104113482064427,-0.029554080566079576
247,0.10999255445196823,0.01759479905010981
465,0.10963790894278547,-0.007716132269472572
492,0.10839596743501909,-0.037077825261178386
1158,0.10615453383026606,0.02132840911982305
1385,0.1050180489718113,-0.00937158004855096
377,0.10426908137515882,-0.02142515807836078
1671,0.10277688802298199,0.010302536184005453
1410,0.10228453188457708,-0.008407148343521062
1049,0.09941692413181895,0.009887131938319662
379,0.09510249833339257,-0.020388782062484477
1185,0.09510001538573672,-0.021875975816708734
1881,0.09492611484327337,-0.014228052175276468
1309,0.09235935612785391,-0.0010202298015034405
1869,0.0922654345498715,0.035956370842382505
268,0.0909266437233678,0.01327212490600108
704,0.08720472240197832,0.0580276880455572
1594,0.0870499997997824,0.0032779324104774223
203,0.08192920817513343,0.007786964121091702
351,0.08179231490883174,-0.0069704554468603165
984,0.08095753968191181,0.01138222568318565
582,0.0777179624317971,-0.0004328527404449201
368,0.077669492715295,0.0009007055885604768
915,0.07718742361540416,0.016500801803662504
1146,0.07539788397593929,0.0130354922152592
1346,0.0747394609948829,-0.005569054303154948
945,0.07468694388366376,0.003449269706212227
79,0.07342887796854479,0.0007719306722930107
1494,0.07275093621041152,0.013268648707515367
162,0.07189315679554009,0.03681026559965154
1194,0.07045013651122907,0.0036802108071180696
193,0.06963902083194182,-0.032135476844760945
18,0.06953235321417818,0.031279605361257325
58,0.06884057204420997,-0.03875016807467171
19,0.06781819468596743,-0.0008200666764095571
2019,0.0674543802327293,-0.03873996985712045
1302,0.06725518193212064,0.017813688007398597
233,0.06683914619603888,-0.0003385788077126346
363,0.06674387980516173,-0.018070733435884476
311,0.06482212739132936,0.004588408299699939
1652,0.06405814744358228,0.0015710099563324466
624,0.06362615978487501,-0.014565890560392845
1274,0.06305757671235757,0.012850298379386666
240,0.06290151372237175,-0.009468683603579938
105,0.06250356935716858,-0.012217523071639844
1793,0.06224434564684947,-0.04243436775025784
1518,0.061283461219566335,0.002672645951241489
1285,0.060402832658506635,0.028717122931584755
816,0.05997441407115531,-0.0036870701770553315
1176,0.05986222754021425,-0.017062264860229617
2005,0.05966500725023379,0.005922211123574505
1046,0.05910009609359189,0.000323555204129878
1570,0.05900418268873891,0.0026529575993376967
724,0.057624407042965974,-0.0023926985118754617
1042,0.0573510529135278,0.008095674280292833
1500,0.055786768523315565,-0.003805121596724724
1703,0.05542776573656276,-0.00782954984730548
1295,0.05493330979138757,-0.010562065801306638
1870,0.05488247770186335,-0.003938520853801179
629,0.05473169921008278,-0.0014792374062555873
1468,0.053786185070342774,-0.0031266728019267304
119,0.05377188799241768,-0.012668330746761877
970,0.053527385041878206,-0.002117929153154889
1649,0.05347503300917563,-0.013438206649484601
1114,0.05327316485941793,-0.013035528156361435
1626,0.053025563638801294,-0.013355808377749502
1733,0.05286923309739352,-0.012182730551663844
1583,0.05206838446244472,0.01254947455639416
1960,0.051767776836213454,0.012169247527134405
1745,0.05146589217554594,-0.010955684222339293
991,0.05143936650868982,0.011999957280263982
1991,0.05133319869381354,0.001133293673669113
146,0.0513177146213463,-0.002078389136112514
1615,0.050987013337780246,-0.01196984545615696
1999,0.050409105373031456,0.02162320774167107
407,0.05017519397134015,0.040102789551139384
375,0.05011284263237837,0.01451224380941254
1021,0.049934350712280695,0.01173571053943578
1825,0.0481678070492556,-0.004698184491902874
1692,0.04766906947837332,-0.03499226523251743
1063,0.04710326900180995,-0.0010582715936156713
1060,0.04582924569266483,-0.013960354032703948
800,0.045646957966749724,0.0018760370671048333
1349,0.04465856226911754,0.003908795707259431
1597,0.04435189720977251,0.012287495409838837
1755,0.04420432841415246,-0.000502406305600841
209,0.043969014946004636,0.016636752870405863
1369,0.043579859027103304,0.0044148206674162185
1342,0.04317439537975756,0.027888232004776643
1387,0.04279793850610309,-0.015417828745754751
1772,0.04246428552845605,0.020208360723697943
1768,0.04234225453110389,0.011203962404562338
1408,0.04165586539499104,0.00037778263254213267
884,0.04165464948130517,0.02461725123395672
24,0.04066068768002615,-0.028828952889539173
373,0.039996722492418674,-0.00831227135395568
751,0.03992291622359011,0.011009444574722443
447,0.0397460270332982,0.006423838805421222
896,0.03946445641114362,-0.004155123632079401
143,0.037637484508708095,0.027794869083627497
1138,0.03744225615793761,0.026763376888435785
456,0.03719580889693123,0.028816218451053133
211,0.03607697996776952,0.023136835497018216
599,0.0360334287911807,0.0048387976677871924
1566,0.035599921812243536,0.0016418427233828683
1286,0.03539025601625169,-0.011445671173536785
898,0.03510643000954089,-0.024899522870981558
41,0.03467153439473054,0.002726645834604023
864,0.0343846995668434,0.0008742595776063087
1707,0.03330496577928382,0.0012570541932566902
1852,0.03311263132395652,0.022413677844984735
149,0.03301132931429472,0.00016763064318089824
1548,0.03298988235461243,0.010969967608393203
1895,0.03298033833419713,0.00033123949506255534
1086,0.03160407683409911,0.0016709428324866386
31,0.03098867836102776,0.018399745556514403
1716,0.030112924896807343,0.0018273714876329865
333,0.02973511956762436,-0.004979514568536086
284,0.028237077315091057,-0.008352892820775677
1004,0.028193894224631314,0.0007605143411374688
772,0.028088724066026912,-0.009832408125433938
1736,0.0276293661413084,-0.006138718506644231
120,0.027221207801000492,-0.014492643755646973
1123,0.026896278817725217,-0.007449337730081895
1996,0.0260071497809588,0.003154717661194378
957,0.025813561303230707,-0.01621487879181157
1878,0.02551198793478688,0.0009046560280371402
689,0.02520994924844292,-5.4634030135580174e-05
1462,0.025190704131386882,0.0043508455664481634
1982,0.024767893406547507,0.009597076604063894
1964,0.02471379071431625,-0.006250329850121537
1045,0.02467426504851127,0.012459241234477688
408,0.02395354177566913,0.015674077149562517
1247,0.02313299489012802,0.006608858272797027
129,0.022494392716829993,0.014040002777877267
1125,0.02230221437431826,-0.0032601153900166458
703,0.0222333331808549,-0.00612507022416323
867,0.021816378786548286,-0.0024951176990488434
1724,0.021741552253079402,0.0012563965807547127
498,0.021645745638550967,0.004940570086507095
743,0.02151069688287734,-0.00576059125198597
1573,0.021299083440301163,0.0007173664898991094
110,0.021142557253450163,0.021142557253450163
1664,0.020691826840644044,-0.00294603589234534
1087,0.0202616136719883,0.0012625380521130262
2042,0.02016429298157831,0.0031763907570390693
283,0.02000590962106693,-0.003513429082441451
1282,0.01998125806365055,-0.006095428984643866
555,0.019488237743171943,-0.003545426216443832
2039,0.019280453798615534,0.013435130268206415
598,0.018525884292070884,-0.005869447273455418
1071,0.01772039083029395,0.0022775261483228603
1658,0.0175295533049343,-0.0009817321904247941
287,0.017405732083491415,-0.015135101313060156
1220,0.017047524674391395,0.004918519940848526
1092,0.01636062917499584,0.000778161390969137
983,0.01630302186941293,-0.000599172524628627
1447,0.01612714465148832,-0.0009382536572061747
1858,0.015709097096508022,-0.015709097096508022
1083,0.015554566898634771,2.4681251148653848e-05
1647,0.015472442661348507,0.0042882278662887754
1600,0.01528855642369721,0.007565357007758648
855,0.015231012993476586,0.0011197355852851324
191,0.015183973900571199,-0.003097847824657072
1026,0.014908882132942376,0.0027339928582782004
1546,0.014851963302166411,-0.0030422944727922594
1564,0.014830331461075912,0.004306392081037322
584,0.014738093892619143,0.008526440480239234
1395,0.014726905133882797,-0.000537335449964999
1203,0.014693775803031122,0.0017198049696623642
1480,0.014626132127121352,-0.0046233266283571
1032,0.014614173781885436,-0.014614173781885436
51,0.014587616297269073,0.0009975096260878046
1178,0.014388073262712587,0.0021224897556053886
1953,0.014375247203559158,0.00997005132461616
1680,0.014289755964350816,0.0028589772267373927
1053,0.014222018990898703,-0.008531783531325368
1033,0.014170154873166476,0.006459055485637685
358,0.01412412347126843,-0.002700097883437673
1214,0.013992003629507017,0.00670922331112563
834,0.013833305525959308,-0.0038261202803378893
926,0.01380185652637701,0.00345359208650501
1261,0.013729679875985607,0.008781752347240459
1445,0.01372333448473028,-0.0003852783388679901
1236,0.013557354098166606,0.0030588645033122917
380,0.013552016307313376,-0.01318389633983229
1950,0.013492651294706646,7.102533895813621e-05
90,0.013283925328644359,-0.0068243799732528
383,0.01300603644376073,0.002488713450347086
1865,0.012952211552080121,0.006685972855770895
1614,0.012774283157381572,0.0018979032225699421
1576,0.012598892048566407,-0.01195027050108258
635,0.012489642499050466,-0.003052077375884024
976,0.012466332044137407,7.890007460293396e-05
154,0.012341141605996154,-0.0015449732925298543
1828,0.01233306815919084,-0.004909453124384169
972,0.012239757544286058,0.0008843474241500388
1983,0.01195815827426926,-0.01121516619803122
899,0.011911962731053672,-0.005631205388284835
2015,0.011835870745399059,0.011835870745399059
749,0.011803408686656969,-0.011803408686656969
586,0.011632401080534528,-0.004930159125491411
1565,0.01147217424151199,-0.004871824728630753
1920,0.011282389690571347,0.003045166259463049
97,0.011033095280802905,0.011033095280802905
330,0.011013668664491646,0.0030535731280968317
387,0.010965192908536014,-0.01077127118907847
949,0.01093163741178185,0.007585492033979739
57,0.01084345628603458,-0.002483196408818476
396,0.010778659223452723,0.0061739946041244
1332,0.010746294593310411,0.0058309176860391835
1844,0.010563664951744852,0.0027431176793902513
1205,0.010544580600523204,-0.0002775020285079353
1561,0.010519884469160048,0.003509498113944288
1131,0.010489804870139596,-0.010188109886608147
302,0.01047899712806847,0.0067030775528303345
948,0.01047239440888934,0.001106444720971465
1529,0.010297996668364045,-0.01025386927505283
1398,0.010101831393472272,-0.010101831393472272
636,0.010096677687222546,0.0014568519643645337
335,0.010096455902848118,0.0051154581727964
890,0.00997238605288337,0.0016727492535127315
238,0.009897185321803817,-0.009870528040396901
1905,0.009858892666488896,-0.0012814512568575724
1090,0.00945529815496084,-0.00879211377838358
1014,0.009410463465994688,0.006880806574220353
170,0.009280957318932317,-0.0034628378735651116
1096,0.00919924979145374,-0.0030557028864805244
317,0.009116852304444641,0.00825696772861473
1147,0.008867131675288631,-0.0006631932688829313
2032,0.008844208144301003,-0.0031568844294543766
288,0.008832754308195374,-0.0030158198958116014
960,0.008736684681705862,-0.003620281369522727
881,0.008715541256658839,-0.003007809068428386
423,0.008621931733829694,-0.00012130989875431777
270,0.008618473377786661,0.0009214326120098752
340,0.008581325070316973,-0.0006224253434019513
294,0.008529660948250495,-0.002622617804615596
1068,0.008503040466136435,0.0008819746397444895
188,0.00840160270640188,-0.003921001637431182
67,0.008381146224628799,0.005783166386964977
1751,0.00837830904100721,0.0022827220369783787
617,0.00835217091941735,0.0033232416421108938
1925,0.008245827644887668,0.0005159050674735197
1604,0.008230911239379185,0.006342248219711938
1847,0.00820501380323841,0.00820501380323841
70,0.00815019276839401,0.002482279281458229
1374,0.008092007160673492,-0.0007598979977300529
1718,0.007982104972227103,-0.003122805462026049
1208,0.007978086702567071,0.0007938365805395729
1741,0.007925093129911102,0.0029168440257212325
39,0.00774760446827424,-0.004181747942781217
641,0.007722077655382607,0.007277089137023879
527,0.007666161150826525,0.002863198613224983
1443,0.0075158563904866495,-0.0013020744973231985
217,0.007354425911703156,0.002040963522874033
543,0.0072806576288146005,-0.0008644120060127651
1180,0.007181471529966725,-0.0028821826620221377
1948,0.006929125997963271,0.006537572130901209
1458,0.006921696958692522,0.0029558940221703
55,0.006715551675791346,-0.002196597071154883
1419,0.006691832967183654,0.0002653401298321418
279,0.006689762556871161,-0.004289088048258066
22,0.006494021916711148,0.0004929308732678888
1237,0.0064148519509471865,0.005973134950726652
1674,0.006267067176990186,-0.001445419985391722
856,0.006141065055999987,0.005576334798172692
510,0.006131475371028351,0.0003983041019355545
1933,0.006056956322073853,-0.0007950856903099114
1638,0.005981228763185843,-0.001001974697105201
1669,0.0059764480819657784,-0.002688924991860595
554,0.005844715065345031,0.005844715065345031
469,0.005800993403390757,0.005283417271281686
1459,0.005760366750974926,-0.004999409186532895
1405,0.005674829098298676,0.004713981675193154
94,0.005659364552233889,-0.0015962304978104237
207,0.005526540141233086,0.004723697767874401
535,0.005359462412142787,0.0037877125859046698
1807,0.005338226619773703,0.004619809892093734
1291,0.005314676357266589,-0.005314676357266589
888,0.005288422585398493,-0.002349559535745543
1368,0.005265624783499178,0.002982714666450516
1310,0.005261336980084908,0.0023312788794670534
1132,0.005236560088719541,0.0043610489777767955
1501,0.0052104059205630915,0.0052104059205630915
192,0.005180191176172755,-0.0012289367658742754
1862,0.005075927344819873,-0.002411976543186568
1279,0.005018841197167621,-0.002249025528830788
406,0.0050011736478525635,-0.0004039750885240854
437,0.004986922074968985,0.0019719878179089057
1224,0.004971657352377283,-0.0013247194096822738
1634,0.004912843041020468,0.0014431160744659375
1567,0.004826075923021537,-0.004826075923021537
84,0.00476588745854709,-0.0020511263302260066
347,0.004630381472012591,0.0023760493047291567
1250,0.004608453829628402,0.0002987713062566159
1967,0.004504950955333683,0.0026995003720774965
282,0.004458148016820406,0.0019019332707967227
412,0.004412516590370857,-0.0012485515085394582
927,0.004328050987484131,0.001305989789894928
914,0.00432455651604675,-0.0018000824398095431
1361,0.004298070272662318,0.002231593629117904
296,0.004284829769708342,0.0007930739053535656
1723,0.00426015367094187,-0.00426015367094187
96,0.004245123905439756,-0.0031494390808453577
921,0.004239830061094428,-0.0013030645109503977
1479,0.004205279786351219,0.0027068485131374327
2034,0.004118716285533808,0.0013606686104793257
1580,0.004116729646859851,0.0023042968352086322
1437,0.003991942344817024,-0.0038370805276319885
569,0.003983161174192292,-0.0013938202237890104
199,0.003909262919937967,0.0015310140228324948
339,0.003750400541953295,0.003619768114254739
1544,0.0037503662392058238,-0.0037503662392058238
1337,0.0036662466114669445,0.0014858461921487397
299,0.0035879073155691047,0.002135512127384163
717,0.0035852351974988888,0.0002202890414964183
1969,0.0035689532873173333,0.002179911959390003
1363,0.0035674399626356287,0.0019941995683405793
64,0.0035533988037573356,-0.0035533988037573356
1404,0.003542624872703707,-4.3140318119001224e-05
109,0.0033891383897549816,-0.003253586053474055
769,0.0032708894954314315,-0.0032570187277318418
205,0.00326509137874809,0.001489378218428136
1490,0.003158089864459582,0.00012869466668860322
1454,0.003090843754918393,-6.079709521433966e-05
593,0.0030818385784794075,-0.002517976479847121
1709,0.0030355004363232688,-0.0030355004363232688
1774,0.0030291670045201765,-0.000598894802760656
422,0.002975421279764755,-0.002642598953588512
1184,0.002944703100993567,-0.00046041598482629564
1331,0.0028662818250723616,-0.0011834252851373108
1240,0.0028424838826904596,0.00013528243658149467
138,0.0027640281589432856,0.0023234975017511596
1347,0.0027206978521515488,7.104655150045848e-05
785,0.0026788414218761464,0.0011290244707122192
1110,0.002677201419689235,-0.0012495759815111275
559,0.002634943119879229,0.0013831298855800228
959,0.0026120026392538183,0.001230391657185994
1314,0.0024220706337007773,0.00011219244194517163
1876,0.0023881637019498693,0.0012933497630175847
391,0.0023677386347130455,8.12372537225361e-05
415,0.0023556485604030925,-0.0023556485604030925
324,0.0022909748383921273,-0.0022909748383921273
1673,0.0022447899213379635,-0.0022447899213379635
812,0.0022080437595005595,-0.0021852847042781775
1592,0.002137986300841887,-0.0013764390845542155
439,0.0020705855957007563,-0.0008599501285699244
965,0.0020598373320727943,0.00036233176920495296
26,0.0020139846060753825,-0.001983117490701879
1075,0.001997006804765906,-0.0016992365134458638
589,0.001978579990409594,0.001978579990409594
950,0.001957067543010052,0.0008964126184524629
1668,0.0019144075323984852,-0.00099201285649438
1574,0.001901352096738031,0.0014176222229710272
913,0.0018651645640697485,-0.0018651645640697485
289,0.0018002972539224117,0.0005586727134787898
1730,0.001788024442114694,-0.0002051626782344234
1142,0.00178318332773024,-0.0017796630238744717
227,0.0017522085223155466,-0.0008650861504311732
1685,0.0017433921139574466,-0.0017433921139574466
1812,0.0016866346915939698,0.0007695125325855545
306,0.001654432122026736,-0.0004445398926819274
292,0.0016420098601133552,-0.0012405369220543513
1108,0.0016232729772634178,-0.0012775114854770703
1726,0.0016229838925548008,-6.426902883783612e-05
1557,0.0015534645194649678,0.00018719105917524285
1738,0.00153070308634533,-0.00153070308634533
956,0.0014906991986216743,0.0014906991986216743
1384,0.0014548470892294287,0.00040074214600895877
1681,0.0014373027879773816,-0.00018070218971233593
805,0.0013747038239398804,-0.001374324013160634
1364,0.0013662898121539226,-0.0013614310376853834
1499,0.0013214728327304217,0.0008687544572911115
1377,0.0012107938529304205,-0.0008176474482261549
707,0.0011697411687505027,-0.0007097758689303009
1788,0.0011425415052834513,0.0009350402161118582
401,0.0011408933441036872,0.0002338916147589147
1016,0.001123485923198904,-0.0008457808194379783
725,0.0010784503536994448,-0.0007620048269455076
421,0.001064551893480945,-0.0008773362868215263
628,0.0010624451619724842,-0.00028856153764188723
868,0.0009932301046988027,-0.0007869197235894201
444,0.0009724596505647337,-0.0008422099930248833
876,0.0009669356797732014,-0.00019378873971920933
1712,0.0009461675167606109,-0.0004160866403702615
21,0.0009412297512353284,-1.9178938383162853e-05
735,0.0009395174555103923,-0.0009277776825362455
78,0.000939422471134028,0.0008691703891938312
1482,0.0009389727800381418,-0.00010223560931012953
710,0.0009152674286247932,-0.0006202476942506848
1619,0.0008633515126045033,-0.000826905887485828
235,0.0008608443493997166,-0.00038209384469935914
1231,0.0008578429672921987,0.0008578429672921987
1190,0.0008356778231305081,0.00035239549483050993
1771,0.0008316570225603248,-0.0005175558874362237
245,0.0008200213373270227,-5.4595229839127556e-05
1889,0.00081695248406834,8.103812792509469e-05
953,0.0008068535708625049,8.183904024027034e-05
1714,0.0007939155434420624,-0.0007391655928639463
845,0.0007607670884286601,0.00035271031111776404
1394,0.0007605719937031461,-0.0007323608252285294
880,0.0007473494390040158,2.6234154067888936e-05
663,0.0007235868831799814,-0.0005820461287645161
1900,0.0007198090633353431,-0.0007185276642247025
1575,0.000690997279846054,0.00021115509072651978
1048,0.0006806339487083278,0.00034431981728882087
249,0.0006701858137383358,0.0006701858137383358
1484,0.0006623478430057935,0.0006623478430057935
721,0.0006580743523422521,-8.691260296321714e-05
627,0.0006558126506374038,-0.00015579876165970993
1446,0.0006390316104862825,0.0006390316104862825
929,0.0006365811011566498,-0.0006365811011566498
433,0.000630429144179503,-0.000630429144179503
974,0.0006248377018432727,-0.0006087540102289652
1584,0.0006226565326422545,0.0005886442933565243
505,0.0005829287854484529,-3.951881086377902e-05
846,0.0005638336877647257,-0.0002521270002607045
29,0.0005499199398820214,0.0005056460506164424
1762,0.00044885783523358546,-0.00044885783523358546
1327,0.0004395750262824875,-0.0004055973699743766
1319,0.00043193951743081884,-7.666788062731773e-05
1266,0.00040093129263595257,-0.0003915986817496037
1932,0.0003998675138132595,-0.00037687213825244903
2027,0.0003789195592403378,-0.00037430055102156203
1984,0.0003536912132334361,-0.0003208885871978699
1840,0.00034665980348995066,0.00030316973772782734
1047,0.0003423817229146456,4.673086930520295e-05
1321,0.00031481978882063293,-0.00031301253047047537
1729,0.0002871211637861991,-0.00028067147055713804
281,0.0002554617049980618,-0.00024492252058210575
645,0.0001639450412142336,0.00011826955235342465
1427,0.0001564281336324639,0.0001564281336324639
1627,0.00014973852206787088,-0.00012080537998580288
1455,0.00012255864128707906,0.00012255864128707906
1064,0.00010573603474944832,0.00010573603474944832
637,9.44488858729601e-05,9.44488858729601e-05
309,8.238039804250002e-05,8.238039804250002e-05
523,7.22735521910785e-05,7.22735521910785e-05
1373,7.03224419504404e-05,7.03224419504404e-05
1056,5.1942285126447685e-05,5.1942285126447685e-05
587,5.193562771230936e-05,5.193562771230936e-05
667,4.679352600425771e-05,-3.7285161531253827e-05
895,4.086018371980171e-05,4.086018371980171e-05
2041,3.2734371763939276e-05,3.2734371763939276e-05
95,1.8993867546261757e-05,2.6477407652418793e-08
564,0.0,0.0
601,0.0,0.0
788,0.0,0.0
833,0.0,0.0
600,0.0,0.0
789,0.0,0.0
790,0.0,0.0
836,0.0,0.0
597,0.0,0.0
832,0.0,0.0
831,0.0,0.0
792,0.0,0.0
602,0.0,0.0
566,0.0,0.0
791,0.0,0.0
567,0.0,0.0
568,0.0,0.0
690,0.0,0.0
565,0.0,0.0
819,0.0,0.0
837,0.0,0.0
787,0.0,0.0
839,0.0,0.0
610,0.0,0.0
609,0.0,0.0
608,0.0,0.0
781,0.0,0.0
782,0.0,0.0
607,0.0,0.0
783,0.0,0.0
606,0.0,0.0
691,0.0,0.0
784,0.0,0.0
563,0.0,0.0
605,0.0,0.0
683,0.0,0.0
604,0.0,0.0
684,0.0,0.0
685,0.0,0.0
786,0.0,0.0
838,0.0,0.0
603,0.0,0.0
830,0.0,0.0
596,0.0,0.0
795,0.0,0.0
829,0.0,0.0
793,0.0,0.0
687,0.0,0.0
588,0.0,0.0
804,0.0,0.0
577,0.0,0.0
578,0.0,0.0
808,0.0,0.0
579,0.0,0.0
823,0.0,0.0
810,0.0,0.0
580,0.0,0.0
581,0.0,0.0
822,0.0,0.0
780,0.0,0.0
813,0.0,0.0
814,0.0,0.0
821,0.0,0.0
585,0.0,0.0
820,0.0,0.0
815,0.0,0.0
583,0.0,0.0
817,0.0,0.0
824,0.0,0.0
590,0.0,0.0
591,0.0,0.0
799,0.0,0.0
595,0.0,0.0
818,0.0,0.0
796,0.0,0.0
570,0.0,0.0
571,0.0,0.0
827,0.0,0.0
572,0.0,0.0
797,0.0,0.0
798,0.0,0.0
573,0.0,0.0
825,0.0,0.0
801,0.0,0.0
826,0.0,0.0
688,0.0,0.0
574,0.0,0.0
592,0.0,0.0
802,0.0,0.0
803,0.0,0.0
686,0.0,0.0
576,0.0,0.0
678,0.0,0.0
625,0.0,0.0
779,0.0,0.0
720,0.0,0.0
660,0.0,0.0
722,0.0,0.0
694,0.0,0.0
659,0.0,0.0
723,0.0,0.0
658,0.0,0.0
657,0.0,0.0
726,0.0,0.0
727,0.0,0.0
656,0.0,0.0
655,0.0,0.0
654,0.0,0.0
728,0.0,0.0
653,0.0,0.0
729,0.0,0.0
652,0.0,0.0
651,0.0,0.0
730,0.0,0.0
650,0.0,0.0
731,0.0,0.0
732,0.0,0.0
733,0.0,0.0
734,0.0,0.0
649,0.0,0.0
736,0.0,0.0
737,0.0,0.0
738,0.0,0.0
661,0.0,0.0
662,0.0,0.0
648,0.0,0.0
664,0.0,0.0
677,0.0,0.0
697,0.0,0.0
698,0.0,0.0
676,0.0,0.0
699,0.0,0.0
700,0.0,0.0
702,0.0,0.0
705,0.0,0.0
675,0.0,0.0
706,0.0,0.0
674,0.0,0.0
696,0.0,0.0
673,0.0,0.0
672,0.0,0.0
708,0.0,0.0
709,0.0,0.0
671,0.0,0.0
670,0.0,0.0
669,0.0,0.0
668,0.0,0.0
711,0.0,0.0
666,0.0,0.0
712,0.0,0.0
713,0.0,0.0
714,0.0,0.0
716,0.0,0.0
665,0.0,0.0
739,0.0,0.0
740,0.0,0.0
611,0.0,0.0
762,0.0,0.0
630,0.0,0.0
763,0.0,0.0
764,0.0,0.0
626,0.0,0.0
765,0.0,0.0
692,0.0,0.0
766,0.0,0.0
767,0.0,0.0
768,0.0,0.0
770,0.0,0.0
622,0.0,0.0
771,0.0,0.0
621,0.0,0.0
620,0.0,0.0
619,0.0,0.0
618,0.0,0.0
773,0.0,0.0
774,0.0,0.0
616,0.0,0.0
775,0.0,0.0
615,0.0,0.0
614,0.0,0.0
776,0.0,0.0
777,0.0,0.0
778,0.0,0.0
613,0.0,0.0
612,0.0,0.0
631,0.0,0.0
633,0.0,0.0
741,0.0,0.0
761,0.0,0.0
647,0.0,0.0
742,0.0,0.0
744,0.0,0.0
646,0.0,0.0
745,0.0,0.0
746,0.0,0.0
644,0.0,0.0
643,0.0,0.0
642,0.0,0.0
747,0.0,0.0
748,0.0,0.0
750,0.0,0.0
639,0.0,0.0
638,0.0,0.0
752,0.0,0.0
681,0.0,0.0
753,0.0,0.0
754,0.0,0.0
755,0.0,0.0
634,0.0,0.0
756,0.0,0.0
693,0.0,0.0
757,0.0,0.0
758,0.0,0.0
759,0.0,0.0
760,0.0,0.0
682,0.0,0.0
632,0.0,0.0
2047,0.0,0.0
560,0.0,0.0
173,0.0,0.0
175,0.0,0.0
176,0.0,0.0
177,0.0,0.0
178,0.0,0.0
179,0.0,0.0
180,0.0,0.0
181,0.0,0.0
182,0.0,0.0
183,0.0,0.0
184,0.0,0.0
185,0.0,0.0
186,0.0,0.0
187,0.0,0.0
189,0.0,0.0
190,0.0,0.0
194,0.0,0.0
195,0.0,0.0
196,0.0,0.0
197,0.0,0.0
198,0.0,0.0
200,0.0,0.0
174,0.0,0.0
172,0.0,0.0
202,0.0,0.0
171,0.0,0.0
142,0.0,0.0
145,0.0,0.0
147,0.0,0.0
148,0.0,0.0
150,0.0,0.0
151,0.0,0.0
152,0.0,0.0
153,0.0,0.0
155,0.0,0.0
156,0.0,0.0
158,0.0,0.0
159,0.0,0.0
160,0.0,0.0
161,0.0,0.0
163,0.0,0.0
164,0.0,0.0
165,0.0,0.0
166,0.0,0.0
167,0.0,0.0
168,0.0,0.0
169,0.0,0.0
201,0.0,0.0
204,0.0,0.0
273,0.0,0.0
242,0.0,0.0
246,0.0,0.0
248,0.0,0.0
250,0.0,0.0
251,0.0,0.0
253,0.0,0.0
254,0.0,0.0
255,0.0,0.0
256,0.0,0.0
257,0.0,0.0
258,0.0,0.0
259,0.0,0.0
260,0.0,0.0
261,0.0,0.0
262,0.0,0.0
263,0.0,0.0
264,0.0,0.0
265,0.0,0.0
266,0.0,0.0
267,0.0,0.0
269,0.0,0.0
271,0.0,0.0
244,0.0,0.0
241,0.0,0.0
206,0.0,0.0
239,0.0,0.0
208,0.0,0.0
210,0.0,0.0
212,0.0,0.0
214,0.0,0.0
215,0.0,0.0
218,0.0,0.0
219,0.0,0.0
220,0.0,0.0
221,0.0,0.0
222,0.0,0.0
223,0.0,0.0
224,0.0,0.0
225,0.0,0.0
228,0.0,0.0
229,0.0,0.0
230,0.0,0.0
231,0.0,0.0
232,0.0,0.0
234,0.0,0.0
236,0.0,0.0
237,0.0,0.0
141,0.0,0.0
140,0.0,0.0
139,0.0,0.0
36,0.0,0.0
38,0.0,0.0
40,0.0,0.0
42,0.0,0.0
43,0.0,0.0
44,0.0,0.0
45,0.0,0.0
46,0.0,0.0
47,0.0,0.0
48,0.0,0.0
49,0.0,0.0
52,0.0,0.0
53,0.0,0.0
54,0.0,0.0
56,0.0,0.0
60,0.0,0.0
61,0.0,0.0
62,0.0,0.0
63,0.0,0.0
65,0.0,0.0
66,0.0,0.0
68,0.0,0.0
37,0.0,0.0
35,0.0,0.0
137,0.0,0.0
34,0.0,0.0
1,0.0,0.0
2,0.0,0.0
3,0.0,0.0
4,0.0,0.0
5,0.0,0.0
6,0.0,0.0
7,0.0,0.0
10,0.0,0.0
11,0.0,0.0
12,0.0,0.0
13,0.0,0.0
14,0.0,0.0
15,0.0,0.0
16,0.0,0.0
17,0.0,0.0
20,0.0,0.0
23,0.0,0.0
25,0.0,0.0
30,0.0,0.0
32,0.0,0.0
33,0.0,0.0
69,0.0,0.0
71,0.0,0.0
72,0.0,0.0
73,0.0,0.0
108,0.0,0.0
111,0.0,0.0
112,0.0,0.0
113,0.0,0.0
115,0.0,0.0
118,0.0,0.0
121,0.0,0.0
122,0.0,0.0
123,0.0,0.0
124,0.0,0.0
125,0.0,0.0
126,0.0,0.0
127,0.0,0.0
128,0.0,0.0
130,0.0,0.0
131,0.0,0.0
132,0.0,0.0
133,0.0,0.0
134,0.0,0.0
135,0.0,0.0
136,0.0,0.0
107,0.0,0.0
106,0.0,0.0
104,0.0,0.0
87,0.0,0.0
74,0.0,0.0
75,0.0,0.0
76,0.0,0.0
77,0.0,0.0
81,0.0,0.0
82,0.0,0.0
83,0.0,0.0
85,0.0,0.0
86,0.0,0.0
88,0.0,0.0
103,0.0,0.0
89,0.0,0.0
91,0.0,0.0
92,0.0,0.0
93,0.0,0.0
98,0.0,0.0
99,0.0,0.0
100,0.0,0.0
101,0.0,0.0
102,0.0,0.0
272,0.0,0.0
274,0.0,0.0
558,0.0,0.0
467,0.0,0.0
470,0.0,0.0
471,0.0,0.0
472,0.0,0.0
473,0.0,0.0
474,0.0,0.0
475,0.0,0.0
476,0.0,0.0
477,0.0,0.0
478,0.0,0.0
479,0.0,0.0
480,0.0,0.0
481,0.0,0.0
482,0.0,0.0
483,0.0,0.0
485,0.0,0.0
486,0.0,0.0
487,0.0,0.0
488,0.0,0.0
489,0.0,0.0
490,0.0,0.0
491,0.0,0.0
468,0.0,0.0
466,0.0,0.0
494,0.0,0.0
464,0.0,0.0
438,0.0,0.0
440,0.0,0.0
441,0.0,0.0
442,0.0,0.0
443,0.0,0.0
445,0.0,0.0
448,0.0,0.0
449,0.0,0.0
450,0.0,0.0
451,0.0,0.0
452,0.0,0.0
453,0.0,0.0
454,0.0,0.0
455,0.0,0.0
457,0.0,0.0
458,0.0,0.0
459,0.0,0.0
460,0.0,0.0
461,0.0,0.0
462,0.0,0.0
463,0.0,0.0
493,0.0,0.0
495,0.0,0.0
275,0.0,0.0
529,0.0,0.0
531,0.0,0.0
532,0.0,0.0
533,0.0,0.0
534,0.0,0.0
536,0.0,0.0
537,0.0,0.0
538,0.0,0.0
539,0.0,0.0
540,0.0,0.0
541,0.0,0.0
542,0.0,0.0
544,0.0,0.0
545,0.0,0.0
546,0.0,0.0
547,0.0,0.0
548,0.0,0.0
549,0.0,0.0
550,0.0,0.0
551,0.0,0.0
553,0.0,0.0
557,0.0,0.0
530,0.0,0.0
528,0.0,0.0
496,0.0,0.0
526,0.0,0.0
497,0.0,0.0
499,0.0,0.0
500,0.0,0.0
501,0.0,0.0
502,0.0,0.0
507,0.0,0.0
508,0.0,0.0
509,0.0,0.0
511,0.0,0.0
512,0.0,0.0
513,0.0,0.0
514,0.0,0.0
515,0.0,0.0
516,0.0,0.0
518,0.0,0.0
519,0.0,0.0
520,0.0,0.0
521,0.0,0.0
522,0.0,0.0
524,0.0,0.0
525,0.0,0.0
436,0.0,0.0
435,0.0,0.0
434,0.0,0.0
320,0.0,0.0
323,0.0,0.0
325,0.0,0.0
326,0.0,0.0
327,0.0,0.0
328,0.0,0.0
329,0.0,0.0
331,0.0,0.0
332,0.0,0.0
334,0.0,0.0
336,0.0,0.0
337,0.0,0.0
338,0.0,0.0
341,0.0,0.0
343,0.0,0.0
344,0.0,0.0
345,0.0,0.0
346,0.0,0.0
348,0.0,0.0
349,0.0,0.0
353,0.0,0.0
354,0.0,0.0
321,0.0,0.0
318,0.0,0.0
432,0.0,0.0
316,0.0,0.0
276,0.0,0.0
278,0.0,0.0
285,0.0,0.0
286,0.0,0.0
290,0.0,0.0
291,0.0,0.0
293,0.0,0.0
295,0.0,0.0
297,0.0,0.0
298,0.0,0.0
300,0.0,0.0
301,0.0,0.0
303,0.0,0.0
304,0.0,0.0
305,0.0,0.0
307,0.0,0.0
308,0.0,0.0
312,0.0,0.0
313,0.0,0.0
314,0.0,0.0
315,0.0,0.0
355,0.0,0.0
356,0.0,0.0
359,0.0,0.0
360,0.0,0.0
403,0.0,0.0
404,0.0,0.0
405,0.0,0.0
409,0.0,0.0
410,0.0,0.0
411,0.0,0.0
413,0.0,0.0
414,0.0,0.0
416,0.0,0.0
417,0.0,0.0
418,0.0,0.0
420,0.0,0.0
841,0.0,0.0
424,0.0,0.0
425,0.0,0.0
426,0.0,0.0
427,0.0,0.0
428,0.0,0.0
429,0.0,0.0
430,0.0,0.0
431,0.0,0.0
400,0.0,0.0
399,0.0,0.0
398,0.0,0.0
374,0.0,0.0
361,0.0,0.0
362,0.0,0.0
364,0.0,0.0
365,0.0,0.0
367,0.0,0.0
369,0.0,0.0
370,0.0,0.0
371,0.0,0.0
372,0.0,0.0
376,0.0,0.0
397,0.0,0.0
381,0.0,0.0
382,0.0,0.0
384,0.0,0.0
386,0.0,0.0
388,0.0,0.0
390,0.0,0.0
393,0.0,0.0
394,0.0,0.0
395,0.0,0.0
840,0.0,0.0
1023,0.0,0.0
842,0.0,0.0
1676,0.0,0.0
1640,0.0,0.0
1641,0.0,0.0
1642,0.0,0.0
1643,0.0,0.0
1644,0.0,0.0
1645,0.0,0.0
1646,0.0,0.0
1648,0.0,0.0
1650,0.0,0.0
1651,0.0,0.0
1653,0.0,0.0
1654,0.0,0.0
1655,0.0,0.0
1656,0.0,0.0
1657,0.0,0.0
1659,0.0,0.0
1660,0.0,0.0
1661,0.0,0.0
1662,0.0,0.0
1663,0.0,0.0
1666,0.0,0.0
1667,0.0,0.0
1670,0.0,0.0
1639,0.0,0.0
1637,0.0,0.0
1636,0.0,0.0
1620,0.0,0.0
1606,0.0,0.0
1607,0.0,0.0
1608,0.0,0.0
1609,0.0,0.0
1610,0.0,0.0
1611,0.0,0.0
1612,0.0,0.0
1613,0.0,0.0
1616,0.0,0.0
1618,0.0,0.0
1621,0.0,0.0
1635,0.0,0.0
1622,0.0,0.0
1623,0.0,0.0
1624,0.0,0.0
1625,0.0,0.0
1628,0.0,0.0
1629,0.0,0.0
1630,0.0,0.0
1631,0.0,0.0
1632,0.0,0.0
1633,0.0,0.0
1675,0.0,0.0
1677,0.0,0.0
1450,0.0,0.0
1678,0.0,0.0
1721,0.0,0.0
1725,0.0,0.0
1727,0.0,0.0
1728,0.0,0.0
1731,0.0,0.0
1732,0.0,0.0
1734,0.0,0.0
1735,0.0,0.0
1737,0.0,0.0
1739,0.0,0.0
1740,0.0,0.0
1742,0.0,0.0
1743,0.0,0.0
1744,0.0,0.0
1746,0.0,0.0
1748,0.0,0.0
1749,0.0,0.0
1752,0.0,0.0
1753,0.0,0.0
1756,0.0,0.0
1757,0.0,0.0
1758,0.0,0.0
1759,0.0,0.0
1720,0.0,0.0
1719,0.0,0.0
1717,0.0,0.0
1698,0.0,0.0
1679,0.0,0.0
1682,0.0,0.0
1684,0.0,0.0
1688,0.0,0.0
1689,0.0,0.0
1690,0.0,0.0
1693,0.0,0.0
1694,0.0,0.0
1695,0.0,0.0
1696,0.0,0.0
1699,0.0,0.0
1715,0.0,0.0
1700,0.0,0.0
1701,0.0,0.0
1702,0.0,0.0
1704,0.0,0.0
1705,0.0,0.0
1706,0.0,0.0
1708,0.0,0.0
1710,0.0,0.0
1711,0.0,0.0
1713,0.0,0.0
1605,0.0,0.0
1603,0.0,0.0
1601,0.0,0.0
1599,0.0,0.0
1493,0.0,0.0
1495,0.0,0.0
1496,0.0,0.0
1497,0.0,0.0
1498,0.0,0.0
1502,0.0,0.0
1503,0.0,0.0
1504,0.0,0.0
1505,0.0,0.0
1506,0.0,0.0
1507,0.0,0.0
1508,0.0,0.0
1509,0.0,0.0
1510,0.0,0.0
1511,0.0,0.0
1512,0.0,0.0
1513,0.0,0.0
1514,0.0,0.0
1516,0.0,0.0
1517,0.0,0.0
1519,0.0,0.0
1520,0.0,0.0
1521,0.0,0.0
1492,0.0,0.0
1491,0.0,0.0
1489,0.0,0.0
1471,0.0,0.0
1456,0.0,0.0
1457,0.0,0.0
1461,0.0,0.0
1463,0.0,0.0
1464,0.0,0.0
1465,0.0,0.0
1466,0.0,0.0
1467,0.0,0.0
1469,0.0,0.0
1470,0.0,0.0
1472,0.0,0.0
1488,0.0,0.0
1473,0.0,0.0
1474,0.0,0.0
1475,0.0,0.0
1477,0.0,0.0
1478,0.0,0.0
1481,0.0,0.0
1483,0.0,0.0
1485,0.0,0.0
1486,0.0,0.0
1487,0.0,0.0
1522,0.0,0.0
1523,0.0,0.0
1524,0.0,0.0
1581,0.0,0.0
1559,0.0,0.0
1560,0.0,0.0
1562,0.0,0.0
1563,0.0,0.0
1568,0.0,0.0
1569,0.0,0.0
1572,0.0,0.0
1577,0.0,0.0
1578,0.0,0.0
1579,0.0,0.0
1585,0.0,0.0
1556,0.0,0.0
1586,0.0,0.0
1587,0.0,0.0
1588,0.0,0.0
1589,0.0,0.0
1590,0.0,0.0
1591,0.0,0.0
1593,0.0,0.0
1595,0.0,0.0
1596,0.0,0.0
1598,0.0,0.0
1558,0.0,0.0
1555,0.0,0.0
1525,0.0,0.0
1539,0.0,0.0
1526,0.0,0.0
1527,0.0,0.0
1528,0.0,0.0
1530,0.0,0.0
1531,0.0,0.0
1532,0.0,0.0
1533,0.0,0.0
1536,0.0,0.0
1537,0.0,0.0
1538,0.0,0.0
1540,0.0,0.0
1554,0.0,0.0
1541,0.0,0.0
1542,0.0,0.0
1543,0.0,0.0
1545,0.0,0.0
1547,0.0,0.0
1549,0.0,0.0
1550,0.0,0.0
1551,0.0,0.0
1552,0.0,0.0
1553,0.0,0.0
1760,0.0,0.0
1761,0.0,0.0
1763,0.0,0.0
1899,0.0,0.0
1937,0.0,0.0
1938,0.0,0.0
1939,0.0,0.0
1940,0.0,0.0
1941,0.0,0.0
1942,0.0,0.0
1943,0.0,0.0
1944,0.0,0.0
1945,0.0,0.0
1946,0.0,0.0
1947,0.0,0.0
1951,0.0,0.0
1952,0.0,0.0
1954,0.0,0.0
1955,0.0,0.0
1956,0.0,0.0
1957,0.0,0.0
1958,0.0,0.0
1961,0.0,0.0
1962,0.0,0.0
1963,0.0,0.0
1965,0.0,0.0
1968,0.0,0.0
1936,0.0,0.0
1935,0.0,0.0
1934,0.0,0.0
1913,0.0,0.0
1902,0.0,0.0
1903,0.0,0.0
1904,0.0,0.0
1906,0.0,0.0
1907,0.0,0.0
1908,0.0,0.0
1909,0.0,0.0
1910,0.0,0.0
1911,0.0,0.0
1912,0.0,0.0
1914,0.0,0.0
1931,0.0,0.0
1916,0.0,0.0
1918,0.0,0.0
1919,0.0,0.0
1922,0.0,0.0
1923,0.0,0.0
1924,0.0,0.0
1926,0.0,0.0
1927,0.0,0.0
1929,0.0,0.0
1930,0.0,0.0
1971,0.0,0.0
1972,0.0,0.0
1973,0.0,0.0
2029,0.0,0.0
2016,0.0,0.0
2018,0.0,0.0
2020,0.0,0.0
2021,0.0,0.0
2022,0.0,0.0
2023,0.0,0.0
2024,0.0,0.0
2025,0.0,0.0
2026,0.0,0.0
2028,0.0,0.0
2030,0.0,0.0
2013,0.0,0.0
2031,0.0,0.0
2033,0.0,0.0
2035,0.0,0.0
2036,0.0,0.0
2037,0.0,0.0
2038,0.0,0.0
2040,0.0,0.0
2043,0.0,0.0
2044,0.0,0.0
2045,0.0,0.0
2014,0.0,0.0
2012,0.0,0.0
1974,0.0,0.0
1992,0.0,0.0
1975,0.0,0.0
1976,0.0,0.0
1977,0.0,0.0
1978,0.0,0.0
1979,0.0,0.0
1981,0.0,0.0
1987,0.0,0.0
1988,0.0,0.0
1989,0.0,0.0
1990,0.0,0.0
1994,0.0,0.0
2011,0.0,0.0
1995,0.0,0.0
1997,0.0,0.0
2000,0.0,0.0
2001,0.0,0.0
2002,0.0,0.0
2004,0.0,0.0
2006,0.0,0.0
2007,0.0,0.0
2008,0.0,0.0
2009,0.0,0.0
1901,0.0,0.0
1898,0.0,0.0
1764,0.0,0.0
1897,0.0,0.0
1798,0.0,0.0
1799,0.0,0.0
1800,0.0,0.0
1801,0.0,0.0
1803,0.0,0.0
1804,0.0,0.0
1805,0.0,0.0
1806,0.0,0.0
1808,0.0,0.0
1809,0.0,0.0
1810,0.0,0.0
1811,0.0,0.0
1813,0.0,0.0
1814,0.0,0.0
1815,0.0,0.0
1816,0.0,0.0
1817,0.0,0.0
1818,0.0,0.0
1819,0.0,0.0
1820,0.0,0.0
1821,0.0,0.0
1822,0.0,0.0
1823,0.0,0.0
1797,0.0,0.0
1796,0.0,0.0
1795,0.0,0.0
1780,0.0,0.0
1765,0.0,0.0
1766,0.0,0.0
1767,0.0,0.0
1769,0.0,0.0
1770,0.0,0.0
1773,0.0,0.0
1776,0.0,0.0
1777,0.0,0.0
1778,0.0,0.0
1779,0.0,0.0
1781,0.0,0.0
1794,0.0,0.0
1782,0.0,0.0
1783,0.0,0.0
1784,0.0,0.0
1785,0.0,0.0
1786,0.0,0.0
1787,0.0,0.0
1789,0.0,0.0
1790,0.0,0.0
1791,0.0,0.0
1792,0.0,0.0
1824,0.0,0.0
1826,0.0,0.0
1827,0.0,0.0
1883,0.0,0.0
1868,0.0,0.0
1871,0.0,0.0
1872,0.0,0.0
1873,0.0,0.0
1874,0.0,0.0
1875,0.0,0.0
1877,0.0,0.0
1879,0.0,0.0
1880,0.0,0.0
1882,0.0,0.0
1884,0.0,0.0
1866,0.0,0.0
1885,0.0,0.0
1886,0.0,0.0
1887,0.0,0.0
1888,0.0,0.0
1890,0.0,0.0
1891,0.0,0.0
1892,0.0,0.0
1893,0.0,0.0
1894,0.0,0.0
1896,0.0,0.0
1867,0.0,0.0
1864,0.0,0.0
1829,0.0,0.0
1845,0.0,0.0
1831,0.0,0.0
1832,0.0,0.0
1833,0.0,0.0
1834,0.0,0.0
1835,0.0,0.0
1836,0.0,0.0
1837,0.0,0.0
1838,0.0,0.0
1841,0.0,0.0
1842,0.0,0.0
1848,0.0,0.0
1863,0.0,0.0
1849,0.0,0.0
1850,0.0,0.0
1851,0.0,0.0
1853,0.0,0.0
1854,0.0,0.0
1856,0.0,0.0
1857,0.0,0.0
1859,0.0,0.0
1860,0.0,0.0
1861,0.0,0.0
1451,0.0,0.0
1449,0.0,0.0
843,0.0,0.0
1078,0.0,0.0
1034,0.0,0.0
1035,0.0,0.0
1036,0.0,0.0
1037,0.0,0.0
1038,0.0,0.0
1040,0.0,0.0
1041,0.0,0.0
1043,0.0,0.0
1044,0.0,0.0
1051,0.0,0.0
1052,0.0,0.0
1054,0.0,0.0
1055,0.0,0.0
1058,0.0,0.0
1059,0.0,0.0
1061,0.0,0.0
1062,0.0,0.0
1065,0.0,0.0
1067,0.0,0.0
1069,0.0,0.0
1070,0.0,0.0
1072,0.0,0.0
1073,0.0,0.0
1030,0.0,0.0
1029,0.0,0.0
1028,0.0,0.0
1009,0.0,0.0
997,0.0,0.0
998,0.0,0.0
999,0.0,0.0
1000,0.0,0.0
1001,0.0,0.0
1002,0.0,0.0
1005,0.0,0.0
1006,0.0,0.0
1007,0.0,0.0
1008,0.0,0.0
1010,0.0,0.0
1027,0.0,0.0
1012,0.0,0.0
1013,0.0,0.0
1015,0.0,0.0
1017,0.0,0.0
1018,0.0,0.0
1019,0.0,0.0
1020,0.0,0.0
1022,0.0,0.0
2046,0.0,0.0
1024,0.0,0.0
1077,0.0,0.0
1079,0.0,0.0
1448,0.0,0.0
1080,0.0,0.0
1118,0.0,0.0
1119,0.0,0.0
1120,0.0,0.0
1121,0.0,0.0
1122,0.0,0.0
1124,0.0,0.0
1127,0.0,0.0
1128,0.0,0.0
1129,0.0,0.0
1130,0.0,0.0
1133,0.0,0.0
1134,0.0,0.0
1135,0.0,0.0
1136,0.0,0.0
1137,0.0,0.0
1139,0.0,0.0
1140,0.0,0.0
1141,0.0,0.0
1143,0.0,0.0
1144,0.0,0.0
1145,0.0,0.0
1148,0.0,0.0
1149,0.0,0.0
1117,0.0,0.0
1116,0.0,0.0
1115,0.0,0.0
1098,0.0,0.0
1081,0.0,0.0
1082,0.0,0.0
1084,0.0,0.0
1085,0.0,0.0
1089,0.0,0.0
1091,0.0,0.0
1093,0.0,0.0
1094,0.0,0.0
1095,0.0,0.0
1097,0.0,0.0
1099,0.0,0.0
1112,0.0,0.0
1100,0.0,0.0
1101,0.0,0.0
1102,0.0,0.0
1103,0.0,0.0
1104,0.0,0.0
1105,0.0,0.0
1106,0.0,0.0
1107,0.0,0.0
1109,0.0,0.0
1111,0.0,0.0
996,0.0,0.0
995,0.0,0.0
994,0.0,0.0
993,0.0,0.0
882,0.0,0.0
883,0.0,0.0
886,0.0,0.0
887,0.0,0.0
889,0.0,0.0
891,0.0,0.0
892,0.0,0.0
893,0.0,0.0
894,0.0,0.0
897,0.0,0.0
900,0.0,0.0
901,0.0,0.0
902,0.0,0.0
904,0.0,0.0
905,0.0,0.0
906,0.0,0.0
907,0.0,0.0
908,0.0,0.0
909,0.0,0.0
910,0.0,0.0
911,0.0,0.0
912,0.0,0.0
916,0.0,0.0
878,0.0,0.0
877,0.0,0.0
875,0.0,0.0
858,0.0,0.0
844,0.0,0.0
847,0.0,0.0
848,0.0,0.0
849,0.0,0.0
850,0.0,0.0
851,0.0,0.0
852,0.0,0.0
853,0.0,0.0
854,0.0,0.0
857,0.0,0.0
859,0.0,0.0
874,0.0,0.0
860,0.0,0.0
861,0.0,0.0
862,0.0,0.0
865,0.0,0.0
866,0.0,0.0
869,0.0,0.0
870,0.0,0.0
871,0.0,0.0
872,0.0,0.0
873,0.0,0.0
917,0.0,0.0
918,0.0,0.0
919,0.0,0.0
977,0.0,0.0
962,0.0,0.0
963,0.0,0.0
964,0.0,0.0
966,0.0,0.0
967,0.0,0.0
968,0.0,0.0
969,0.0,0.0
971,0.0,0.0
973,0.0,0.0
975,0.0,0.0
978,0.0,0.0
958,0.0,0.0
979,0.0,0.0
980,0.0,0.0
981,0.0,0.0
982,0.0,0.0
985,0.0,0.0
986,0.0,0.0
987,0.0,0.0
988,0.0,0.0
989,0.0,0.0
990,0.0,0.0
961,0.0,0.0
955,0.0,0.0
920,0.0,0.0
935,0.0,0.0
922,0.0,0.0
923,0.0,0.0
924,0.0,0.0
925,0.0,0.0
928,0.0,0.0
930,0.0,0.0
931,0.0,0.0
932,0.0,0.0
933,0.0,0.0
934,0.0,0.0
936,0.0,0.0
954,0.0,0.0
937,0.0,0.0
939,0.0,0.0
940,0.0,0.0
941,0.0,0.0
942,0.0,0.0
943,0.0,0.0
946,0.0,0.0
947,0.0,0.0
951,0.0,0.0
952,0.0,0.0
1150,0.0,0.0
1151,0.0,0.0
1152,0.0,0.0
1292,0.0,0.0
1335,0.0,0.0
1336,0.0,0.0
1338,0.0,0.0
1339,0.0,0.0
1340,0.0,0.0
1341,0.0,0.0
1343,0.0,0.0
1344,0.0,0.0
1345,0.0,0.0
1348,0.0,0.0
1350,0.0,0.0
1351,0.0,0.0
1352,0.0,0.0
1353,0.0,0.0
1354,0.0,0.0
1355,0.0,0.0
1356,0.0,0.0
1358,0.0,0.0
1359,0.0,0.0
1360,0.0,0.0
1365,0.0,0.0
1366,0.0,0.0
1367,0.0,0.0
1334,0.0,0.0
1333,0.0,0.0
1329,0.0,0.0
1308,0.0,0.0
1294,0.0,0.0
1297,0.0,0.0
1299,0.0,0.0
1300,0.0,0.0
1301,0.0,0.0
1303,0.0,0.0
1304,0.0,0.0
1305,0.0,0.0
1306,0.0,0.0
1307,0.0,0.0
1311,0.0,0.0
1328,0.0,0.0
1312,0.0,0.0
1313,0.0,0.0
1315,0.0,0.0
1316,0.0,0.0
1318,0.0,0.0
1320,0.0,0.0
1323,0.0,0.0
1324,0.0,0.0
1325,0.0,0.0
1326,0.0,0.0
1371,0.0,0.0
1372,0.0,0.0
1375,0.0,0.0
1431,0.0,0.0
1418,0.0,0.0
1420,0.0,0.0
1421,0.0,0.0
1422,0.0,0.0
1423,0.0,0.0
1424,0.0,0.0
1425,0.0,0.0
1426,0.0,0.0
1428,0.0,0.0
1429,0.0,0.0
1432,0.0,0.0
1414,0.0,0.0
1433,0.0,0.0
1434,0.0,0.0
1435,0.0,0.0
1436,0.0,0.0
1438,0.0,0.0
1439,0.0,0.0
1440,0.0,0.0
1441,0.0,0.0
1442,0.0,0.0
1444,0.0,0.0
1416,0.0,0.0
1413,0.0,0.0
1376,0.0,0.0
1392,0.0,0.0
1378,0.0,0.0
1379,0.0,0.0
1380,0.0,0.0
1381,0.0,0.0
1382,0.0,0.0
1383,0.0,0.0
1386,0.0,0.0
1388,0.0,0.0
1389,0.0,0.0
1390,0.0,0.0
1393,0.0,0.0
1412,0.0,0.0
1396,0.0,0.0
1397,0.0,0.0
1399,0.0,0.0
1400,0.0,0.0
1401,0.0,0.0
1402,0.0,0.0
1403,0.0,0.0
1406,0.0,0.0
1407,0.0,0.0
1409,0.0,0.0
1293,0.0,0.0
1290,0.0,0.0
1153,0.0,0.0
1289,0.0,0.0
1187,0.0,0.0
1188,0.0,0.0
1189,0.0,0.0
1191,0.0,0.0
1192,0.0,0.0
1193,0.0,0.0
1195,0.0,0.0
1196,0.0,0.0
1197,0.0,0.0
1198,0.0,0.0
1200,0.0,0.0
1201,0.0,0.0
1202,0.0,0.0
1204,0.0,0.0
1206,0.0,0.0
1207,0.0,0.0
1209,0.0,0.0
1210,0.0,0.0
1211,0.0,0.0
1213,0.0,0.0
1215,0.0,0.0
1216,0.0,0.0
1217,0.0,0.0
1186,0.0,0.0
1183,0.0,0.0
1182,0.0,0.0
1166,0.0,0.0
1154,0.0,0.0
1155,0.0,0.0
1156,0.0,0.0
1157,0.0,0.0
1159,0.0,0.0
1161,0.0,0.0
1162,0.0,0.0
1163,0.0,0.0
1164,0.0,0.0
1165,0.0,0.0
1167,0.0,0.0
1181,0.0,0.0
1168,0.0,0.0
1169,0.0,0.0
1170,0.0,0.0
1171,0.0,0.0
1172,0.0,0.0
1173,0.0,0.0
1174,0.0,0.0
1175,0.0,0.0
1177,0.0,0.0
1179,0.0,0.0
1218,0.0,0.0
1219,0.0,0.0
1221,0.0,0.0
1271,0.0,0.0
1258,0.0,0.0
1259,0.0,0.0
1262,0.0,0.0
1263,0.0,0.0
1264,0.0,0.0
1265,0.0,0.0
1267,0.0,0.0
1268,0.0,0.0
1269,0.0,0.0
1270,0.0,0.0
1272,0.0,0.0
1256,0.0,0.0
1273,0.0,0.0
1275,0.0,0.0
1276,0.0,0.0
1277,0.0,0.0
1278,0.0,0.0
1280,0.0,0.0
1281,0.0,0.0
1284,0.0,0.0
1287,0.0,0.0
1288,0.0,0.0
1257,0.0,0.0
1254,0.0,0.0
1222,0.0,0.0
1235,0.0,0.0
1223,0.0,0.0
1225,0.0,0.0
1226,0.0,0.0
1227,0.0,0.0
1228,0.0,0.0
1229,0.0,0.0
1230,0.0,0.0
1232,0.0,0.0
1233,0.0,0.0
1234,0.0,0.0
1238,0.0,0.0
1253,0.0,0.0
1239,0.0,0.0
1241,0.0,0.0
1242,0.0,0.0
1243,0.0,0.0
1244,0.0,0.0
1245,0.0,0.0
1246,0.0,0.0
1248,0.0,0.0
1249,0.0,0.0
1251,0.0,0.0
0,0.0,0.0
